Row,SumSq,DF,MeanSq,F,pValue
Strain,3.38786022883392,2,1.69393011441696,59.8221544408104,2.65211948925658e-24
Bacteria,5.62949468961266,3,1.87649822987089,66.2696565577508,9.38618496892107e-37
Error,16.0835448669909,568,0.0283161001179417,1,0.49999999999996
