Row,SumSq,DF,MeanSq,F,pValue
Strain,1.72417399188247,2,0.862086995941233,132.195554124364,7.27673490671669e-48
Bacteria,0.108239995022786,3,0.0360799983409288,5.53263811650206,0.000950177062414613
Error,3.70409895353941,568,0.00652130097454122,1,0.49999999999996
