Row,SumSq,DF,MeanSq,F,pValue
Strain,0.0905417075518537,2,0.0452708537759268,4.38028210872431,0.0129475878894308
Bacteria,4.72169537908908,3,1.57389845969636,152.286044749232,2.04932890890416e-72
Error,5.87036275437867,568,0.0103351456943286,1,0.49999999999996
