Row,SumSq,DF,MeanSq,F,pValue
Strain,17273954.6446803,2,8636977.32234014,122.679046015616,7.36189847707454e-45
Bacteria,12707078.230697,3,4235692.74356567,60.1634953529222,1.0725340590354e-33
Error,39144088.1485973,556,70403.0362384844,1,0.499999999999839
