Row,SumSq,DF,MeanSq,F,pValue
Strain,447126.449860667,2,223563.224930333,50.5960927721387,6.00458303628597e-21
Bacteria,162445.368681916,3,54148.4562273053,12.2547002781811,8.86004113225876e-08
Error,2509757.27181753,568,4418.58674615762,1,0.49999999999996
