example1t_laid,example1l_laid,example2t_laid,example2l_laid,example3t_laid,example3l_laid,example4t_laid,example4l_laid
2871.34555404584,783.816805634061,2695.56954503457,902.232032274729,3517.1845811526,772.8085898175,2657.84964370728,811.257620495955
